{
  "institutionId": "afdb",
  "formId": "crop_stress_v1",
  "title": "Crop Stress Survey",
  "description": "Rapid field assessment of crop stress and damage post-heatwave or drought",
  "fields": [
    {
      "id": "crop",
      "label": "Crop",
      "type": "text",
      "required": true
    },
    {
      "id": "moisture",
      "label": "Soil Moisture",
      "type": "dropdown",
      "options": [
        "Low",
        "Medium",
        "High"
      ]
    },
    {
      "id": "damage_score",
      "label": "Damage Score (0-5)",
      "type": "number"
    },
    {
      "id": "photo",
      "label": "Photo",
      "type": "image"
    },
    {
      "id": "location",
      "label": "GPS Location",
      "type": "gps"
    }
  ]
}